[Account_Value],[Account_Name],[Account_Description],[Account_Type],[Account_Sign],[Account_Document],[Account_Summary],[Default_Account],[Account_Parent],[Balance Sheet],[Balance Sheet_Name],[US 1120 Balance Sheet],[US 1120 Balance Sheet_Name],[Profit & Loss],[Profit & Loss_Name],[US 1120 Income Statement],[US 1120 Income Statement_Name],[Cash Flow],[Cash Flow_Name]
A0-000-000-00000,ATTIVITA',,A,N,,Y,,,,,,,,,,,,
AA-000-000-00000,CRED.VERSO SOCI PER VERS.DOV.,,A,N,,Y,,A0-000-000-00000,,,,,,,,,,
AA-001-000-00000,PER VERSAMENTI ANCORA DOVUTI,,A,N,,Y,,AA-000-000-00000,,,,,,,,,,
AA-001-001-00000,PER VERSAMENTI ANCORA DOVUTI,,A,N,,Y,,AA-001-000-00000,,,,,,,,,,
AA-001-001-00001,CREDITI V/SOCI PER VERS.DOVUTI,,A,N,,,,AA-001-001-00000,,,,,,,,,,
AA-001-001-00002,VERSAMENTI RICHIAMATI,,A,N,,,,AA-001-001-00000,,,,,,,,,,
AB-000-000-00000,IMMOBILIZZAZIONI,,A,N,,Y,,A0-000-000-00000,,,,,,,,,,
AB-002-000-00000,IMMOBILIZZAZIONI IMMATERIALI,,A,N,,Y,,AB-000-000-00000,,,,,,,,,,
AB-002-001-00000,COSTI IMPIANTO E AMPLIAMENTO,,A,N,,Y,,AB-002-000-00000,,,,,,,,,,
AB-002-001-00001,SPESE DI COSTITUZIONE,,A,N,,,,AB-002-001-00000,,,,,,,,,,
AB-002-001-00002,SPESE DI AVVIAMENTO,,A,N,,,,AB-002-001-00000,,,,,,,,,,
AB-002-002-00000,COSTI RICERCA  SVIL. E PUBBL.,,A,N,,Y,,AB-002-000-00000,,,,,,,,,,
AB-002-002-00001,SPESE DI RICERCA E SVILUPPO,,A,N,,,,AB-002-002-00000,,,,,,,,,,
AB-002-002-00002,SPESE DI PUBBLICITÃ€,,A,N,,,,AB-002-002-00000,,,,,,,,,,
AB-002-003-00000,DIRITTI DI BREVETTO E UTILIZZO,,A,N,,Y,,AB-002-000-00000,,,,,,,,,,
AB-002-003-00001,BREVETTI,,A,N,,,,AB-002-003-00000,,,,,,,,,,
AB-002-003-00002,DIRITTI UTILIZZO OPERE INGEGNO,,A,N,,,,AB-002-003-00000,,,,,,,,,,
AB-002-003-00003,SOFTWARE,,A,N,,,,AB-002-003-00000,,,,,,,,,,
AB-002-004-00000,CONCESSIONI LICENZE MARCHI,,A,N,,Y,,AB-002-000-00000,,,,,,,,,,
AB-002-004-00001,CONCESSIONI E LICENZE,,A,N,,,,AB-002-004-00000,,,,,,,,,,
AB-002-004-00002,MARCHI,,A,N,,,,AB-002-004-00000,,,,,,,,,,
AB-002-004-00003,PROGETTI,,A,N,,,PJ_ASSET_ACCT,AB-002-004-00000,,,,,,,,,,
AB-002-005-00000,AVVIAMENTO,,A,N,,Y,,AB-002-000-00000,,,,,,,,,,
AB-002-005-00001,ACQUISTO AZIENDA,,A,N,,,,AB-002-005-00000,,,,,,,,,,
AB-002-005-00002,CONFERIMENTO,,A,N,,,,AB-002-005-00000,,,,,,,,,,
AB-002-005-00003,FUSIONE,,A,N,,,,AB-002-005-00000,,,,,,,,,,
AB-002-006-00000,IMMOBILIZZ. IN CORSO E ACCONTI,,A,N,,Y,,AB-002-000-00000,,,,,,,,,,
AB-002-006-00001,IMMOBILIZZAZIONI IN CORSO,,A,N,,,PJ_WIP_ACCT,AB-002-006-00000,,,,,,,,,,
AB-002-006-00002,ACCONTI FORNITORI,,A,N,,,,AB-002-006-00000,,,,,,,,,,
AB-002-007-00000,ALTRE IMMOBILIZZ. IMMATERIALI,,A,N,,Y,,AB-002-000-00000,,,,,,,,,,
AB-002-007-00001,ALTRI COSTI PLURIENNALI,,A,N,,,,AB-002-007-00000,,,,,,,,,,
AB-003-000-00000,FONDI AMM.TO IMMOB.IMMATERIALI,,A,N,,Y,,AB-000-000-00000,,,,,,,,,,
AB-003-001-00000,F.DI AMM.TO IMPIANTO E AMPL.TO,,A,N,,Y,,AB-003-000-00000,,,,,,,,,,
AB-003-001-00001,F.DO AMM.TO SPESE COSTITUZIONE,,A,N,,,,AB-003-001-00000,,,,,,,,,,
AB-003-001-00002,F.DO AMM.TO AVVIAMENTO,,A,N,,,,AB-003-001-00000,,,,,,,,,,
AB-003-001-00003,F.DO AMM.TO SPESE DI COSTITUZI,,A,N,,,,AB-003-001-00000,,,,,,,,,,
AB-003-002-00000,F.DI AMM.TO RICERCA E SVIL.,,A,N,,Y,,AB-003-000-00000,,,,,,,,,,
AB-003-002-00001,F.DO AMM.TO RICERCA E SVILUPPO,,A,N,,,,AB-003-002-00000,,,,,,,,,,
AB-003-002-00002,F.DO AMM.TO PUBBLICITA',,A,N,,,,AB-003-002-00000,,,,,,,,,,
AB-003-003-00000,F.DI AMM.TO DIRITTI E BREVETTI,,A,N,,Y,,AB-003-000-00000,,,,,,,,,,
AB-003-003-00001,F.DO AMM.TO BREVETTI,,A,N,,,,AB-003-003-00000,,,,,,,,,,
AB-003-003-00002,F.DO AMM.TO UTIL.OPERE INGEGNO,,A,N,,,,AB-003-003-00000,,,,,,,,,,
AB-003-003-00003,F.DO AMM.TO SOFTWARE,,A,N,,,,AB-003-003-00000,,,,,,,,,,
AB-003-004-00000,F.DI AMM.TO LICENZE E MARCHI,,A,N,,Y,,AB-003-000-00000,,,,,,,,,,
AB-003-004-00001,F.DO AMM.TO CONCESSIONI E LIC.,,A,N,,,,AB-003-004-00000,,,,,,,,,,
AB-003-004-00002,F.DO AMM.TO MARCHI,,A,N,,,,AB-003-004-00000,,,,,,,,,,
AB-003-005-00000,F.DI AMM.TO AVVIAMENTO,,A,N,,Y,,AB-003-000-00000,,,,,,,,,,
AB-003-005-00001,F.DO AMM.TO ACQUISTO AZIENDA,,A,N,,,,AB-003-005-00000,,,,,,,,,,
AB-003-005-00002,F.DO AMM.TO CONFERIMENTO,,A,N,,,,AB-003-005-00000,,,,,,,,,,
AB-003-005-00003,F.DO AMM.TO FUSIONE,,A,N,,,,AB-003-005-00000,,,,,,,,,,
AB-003-007-00000,F.DI AMM.TO ALTRE IMMOB.IMMAT.,,A,N,,Y,,AB-003-000-00000,,,,,,,,,,
AB-003-007-00001,F.DO AMM.TO ALTRE IMMOB.IMMAT.,,A,N,,,,AB-003-007-00000,,,,,,,,,,
AB-004-000-00000,FONDI SVALUTAZ. IMMOB. IMMAT.,,A,N,,Y,,AB-000-000-00000,,,,,,,,,,
AB-004-001-00000,F.DI SVALUT. IMPIANTO E AMPL.,,A,N,,Y,,AB-004-000-00000,,,,,,,,,,
AB-004-002-00000,F.DI SVALUT. RICERCA  SVIL.,,A,N,,Y,,AB-004-000-00000,,,,,,,,,,
AB-004-003-00000,F.DI SVALUT.BREVETTI E OPERE,,A,N,,Y,,AB-004-000-00000,,,,,,,,,,
AB-004-004-00000,F.DI SVALUT.CONC.LICENZE MAR.,,A,N,,Y,,AB-004-000-00000,,,,,,,,,,
AB-004-005-00000,F.DI SVALUT. AVVIAMENTO,,A,N,,Y,,AB-004-000-00000,,,,,,,,,,
AB-004-006-00000,F.DI SVALUT. IMM. IN CORSO,,A,N,,Y,,AB-004-000-00000,,,,,,,,,,
AB-004-007-00000,F.DI SVALUT.ALTRE IMMOB.IMM.,,A,N,,Y,,AB-004-000-00000,,,,,,,,,,
AB-006-000-00000,IMMOBILIZZAZIONI MATERIALI,,A,N,,Y,,AB-000-000-00000,,,,,,,,,,
AB-006-001-00000,TERRENI E FABBRICATI,,A,N,,Y,,AB-006-000-00000,,,,,,,,,,
AB-006-001-00001,TERRENI,,A,N,,,,AB-006-001-00000,,,,,,,,,,
AB-006-001-00002,FABBRICATI,,A,N,,,,AB-006-001-00000,,,,,,,,,,
AB-006-001-00003,COSTRUZIONI LEGGERE,,A,N,,,,AB-006-001-00000,,,,,,,,,,
AB-006-002-00000,IMPIANTI E MACCHINARI,,A,N,,Y,,AB-006-000-00000,,,,,,,,,,
AB-006-002-00001,IMPIANTI DI CLIMATIZZAZIONE,,A,N,,,,AB-006-002-00000,,,,,,,,,,
AB-006-002-00002,IMPIANTO DI ALLARME,,A,N,,,,AB-006-002-00000,,,,,,,,,,
AB-006-003-00000,ATTREZZATURE IND.LI E COMM.LI,,A,N,,Y,,AB-006-000-00000,,,,,,,,,,
AB-006-004-00000,ALTRI BENI,,A,N,,Y,,AB-006-000-00000,,,,,,,,,,
AB-006-004-00001,SPESE E COSTI AMMORTIZZABILI AL 100%,,A,N,,,,AB-006-004-00000,,,,,,,,,,
AB-006-004-00002,COMPUTERS E MACCHINE ELETTRONICHE,,A,N,,,,AB-006-004-00000,,,,,,,,,,
AB-006-004-00003,AUTOMEZZI,,A,N,,,,AB-006-004-00000,,,,,,,,,,
AB-006-004-00004,MOBILI E ARREDI,,A,N,,,,AB-006-004-00000,,,,,,,,,,
AB-006-005-00000,IMMOBILIZZ. IN CORSO E ACCONTI,,A,N,,Y,,AB-006-000-00000,,,,,,,,,,
AB-006-005-00001,IMMOB. MATERIALI IN CORSO,,A,N,,,,AB-006-005-00000,,,,,,,,,,
AB-006-005-00002,ACCONTI FORNITORI,,A,N,,,,AB-006-005-00000,,,,,,,,,,
AB-007-000-00000,FONDI AMM.TO IMMOB. MATERIALI,,A,N,,Y,,AB-000-000-00000,,,,,,,,,,
AB-007-001-00000,FONDO AMM.TO BENI MATERIALI,,A,N,,Y,,AB-007-000-00000,,,,,,,,,,
AB-007-001-00001,F.DO AMM.TO TERRENI,,A,N,,,,AB-007-001-00000,,,,,,,,,,
AB-007-001-00002,F.DO AMM.TO FABBRICATI,,A,N,,,,AB-007-001-00000,,,,,,,,,,
AB-007-001-00003,F.DO AMM.TO COSTRUZ. LEGGERE,,A,N,,,,AB-007-001-00000,,,,,,,,,,
AB-007-002-00000,F.DI AMM.TO IMPIANTI E MACCH.,,A,N,,Y,,AB-007-000-00000,,,,,,,,,,
AB-007-002-00001,F.DO AMM.TO IMPIANTI DI CLIMATIZZAZIONE,,A,N,,,,AB-007-002-00000,,,,,,,,,,
AB-007-002-00002,F.DO AMM.TO IMPIANTO DI ALLARME,,A,N,,,,AB-007-002-00000,,,,,,,,,,
AB-007-003-00000,F.DI AMM.TO ATTREZ. IND./COMM.,,A,N,,Y,,AB-007-000-00000,,,,,,,,,,
AB-007-004-00000,F.DI AMM.TO ALTRI BENI,,A,N,,Y,,AB-007-000-00000,,,,,,,,,,
AB-007-004-00001,F.DI AMM.TO BENI DED. 100%,,A,N,,,,AB-007-004-00000,,,,,,,,,,
AB-007-004-00002,F.DO AMM.TO MACCHINARI,,A,N,,,,AB-007-004-00000,,,,,,,,,,
AB-007-004-00003,F.DO AMM. TO AUTOMEZZI,,A,N,,,,AB-007-004-00000,,,,,,,,,,
AB-007-004-00004,F.DO AMM. TO MOBILI E ARREDI,,A,N,,,,AB-007-004-00000,,,,,,,,,,
AB-008-000-00000,F.DI SVALUT. IMMOB. MATERIALI,,A,N,,Y,,AB-000-000-00000,,,,,,,,,,
AB-008-001-00000,F.DI SVALUT. TERRENI E FABBR.,,A,N,,Y,,AB-008-000-00000,,,,,,,,,,
AB-008-002-00000,F.DI SVALUT. IMPIANTI E MACCH.,,A,N,,Y,,AB-008-000-00000,,,,,,,,,,
AB-008-003-00000,F.DI SVALUT.ATTREZ. IND./COMM.,,A,N,,Y,,AB-008-000-00000,,,,,,,,,,
AB-008-004-00000,F.DI SVALUT. ALTRI BENI,,A,N,,Y,,AB-008-000-00000,,,,,,,,,,
AB-008-004-00001,F.DI SVALUT. SPESE E COSTI AMM.LI AL 100%,,A,N,,,,AB-007-004-00000,,,,,,,,,,
AB-009-000-00000,IMMOBILIZZAZIONI FINANZIARIE,,A,N,,Y,,AB-000-000-00000,,,,,,,,,,
AB-009-001-00000,PARTECIPAZIONI,,A,N,,Y,,AB-009-000-00000,,,,,,,,,,
AB-009-002-00000,CREDITI,,A,N,,Y,,AB-009-000-00000,,,,,,,,,,
AB-009-003-00000,ALTRI TITOLI,,A,N,,Y,,AB-009-000-00000,,,,,,,,,,
AB-009-004-00000,AZIONI PROPRIE,,A,N,,Y,,AB-009-000-00000,,,,,,,,,,
AB-010-000-00000,FONDI SVALUT. IMMOB. FINANZ.,,A,N,,Y,,AB-000-000-00000,,,,,,,,,,
AB-010-001-00000,FONDI SVALUT. IMMOB. FINANZ.,,A,N,,Y,,AB-010-000-00000,,,,,,,,,,
AB-010-001-00001,FONDI SVALUT. IMMOB. FINANZ.,,A,N,,,,AB-010-001-00000,,,,,,,,,,
AC-000-000-00000,ATTIVO CIRCOLANTE,,A,N,,Y,,A0-000-000-00000,,,,,,,,,,
AC-010-000-00000,RIMANENZE,,A,N,,Y,,AC-000-000-00000,,,,,,,,,,
AC-010-001-00000,MATERIE PRIME SUSSID E CONS.,,A,N,,Y,,AC-010-000-00000,,,,,,,,,,
AC-010-002-00000,PRODOTTI IN LAVORAZ. E SEMILA.,,A,N,,Y,,AC-010-000-00000,,,,,,,,,,
AC-010-002-00001,MERCI IN PRODUZ.E SEMILAVORATI,,A,N,,,P_ASSET_ACCT,AC-010-002-00000,,,,,,,,,,
AC-010-002-00002,MERCI A TERRA DA STOCCARE,,A,N,,,P_FLOORSTOCK_ACCT,AC-010-002-00000,,,,,,,,,,
AC-010-003-00000,LAVORI IN CORSO SU ORDINAZIONE,,A,N,,Y,,AC-010-000-00000,,,,,,,,,,
AC-010-003-00100,LAVORI IN CORSO SU ORDINAZIONE,,A,N,,,P_WIP_ACCT,AC-010-003-00000,,,,,,,,,,
AC-010-004-00000,PRODOTTI FINITI E MERCI,,A,N,,Y,,AC-010-000-00000,,,,,,,,,,
AC-010-004-00001,PRODOTTI FINITI E MERCI,,A,N,,,W_INVENTORY_ACCT,AC-010-004-00000,,,,,,,,,,
AC-010-005-00000,ACCONTI,,A,N,,Y,,AC-010-000-00000,,,,,,,,,,
AC-010-010-00000,F.DI SVALUT. E RISCHI RIM.ZE,,A,N,,Y,,AC-010-000-00000,,,,,,,,,,
AC-014-000-00000,CREDITI VERSO CLIENTI,,A,N,,Y,,AC-000-000-00000,,,,,,,,,,
AC-014-001-00000,CLIENTI C/FATTURE,,A,N,,Y,,AC-014-000-00000,,,,,,,,,,
AC-014-001-00001,CLIENTI C/FATTURE,,A,N,,,C_RECEIVABLE_ACCT,AC-014-001-00000,,,,,,,,,,
AC-014-002-00000,CLIENTI C/FATTURE DA EMETTERE,,A,N,,Y,,AC-014-000-00000,,,,,,,,,,
AC-014-002-00001,CLIENTI C/FATTURE DA EMETTERE,,A,N,,,NOTINVOICEDRECEIVABLES_ACCT,AC-014-002-00000,,,,,,,,,,
AC-014-003-00000,PORTAFOGLIO EFFETTI,,A,N,,Y,,AC-014-000-00000,,,,,,,,,,
AC-014-003-00001,PORTAFOGLIO EFFETTI,,A,N,,,,AC-014-003-00000,,,,,,,,,,
AC-014-010-00000,F.DO SVALUTAZIONE CREDITI,,A,N,,Y,,AC-014-000-00000,,,,,,,,,,
AC-014-010-00001,F.DO SVALUTAZIONE CREDITI,,A,N,,,,AC-014-010-00000,,,,,,,,,,
AC-015-000-00000,CREDITI VERSO IMPRESE,,A,N,,Y,,AC-000-000-00000,,,,,,,,,,
AC-015-001-00000,CREDITI V/IMPRESE CONTROLLATE,,A,N,,Y,,AC-015-000-00000,,,,,,,,,,
AC-015-002-00000,CREDITI V/IMPRESE COLLEGATE,,A,N,,Y,,AC-015-000-00000,,,,,,,,,,
AC-015-002-00001,CREDITI V/IMPRESE COLLEGATE,,A,N,,,INTERCOMPANYDUEFROM_ACCT,AC-015-002-00000,,,,,,,,,,
AC-015-003-00000,CREDITI V/CONTROLLANTI,,A,N,,Y,,AC-015-000-00000,,,,,,,,,,
AC-015-010-00000,FONDI RISCHI SU CREDITI,,A,N,,Y,,AC-015-000-00000,,,,,,,,,,
AC-016-000-00000,CREDITI VERSO ALTRI,,A,N,,Y,,AC-000-000-00000,,,,,,,,,,
AC-016-001-00000,CREDITI V/ERARIO C/IMPOSTE,,A,N,,Y,,AC-016-000-00000,,,,,,,,,,
AC-016-001-00001,ERARIO C/IVA ACQUISTI,,A,N,,,T_CREDIT_ACCT,AC-016-001-00000,,,,,,,,,,
AC-016-001-00002,DEDUZIONI DALLE TASSE,,A,N,,,T_RECEIVABLES_ACCT,AC-016-001-00000,,,,,,,,,,
AC-016-002-00000,CREDITI V/ENTI PREV.LI E ASS.,,A,N,,Y,,AC-016-000-00000,,,,,,,,,,
AC-016-003-00000,ALTRI CREDITI,,A,N,,Y,,AC-016-002-00000,,,,,,,,,,
AC-016-003-00001,CAPARRE,,A,N,,,,AC-016-003-00000,,,,,,,,,,
AC-016-010-00000,FONDI RISCHI SU CREDITI,,A,N,,Y,,AC-016-000-00000,,,,,,,,,,
AC-018-000-00000,ATTIVITA' FIN. NON IMMOBIL.NI,,A,N,,Y,,AC-000-000-00000,,,,,,,,,,
AC-018-001-00000,PARTECIPAZIONI IMP.CONTROLLATE,,A,N,,Y,,AC-018-000-00000,,,,,,,,,,
AC-018-002-00000,PARTECIPAZIONI IMP.COLLEGATE,,A,N,,Y,,AC-018-000-00000,,,,,,,,,,
AC-018-003-00000,PARTECIPAZ. IMP.CONTROLLANTI,,A,N,,Y,,AC-018-000-00000,,,,,,,,,,
AC-018-004-00000,ALTRE PARTECIPAZIONI,,A,N,,Y,,AC-018-000-00000,,,,,,,,,,
AC-018-005-00000,AZIONI PROPRIE,,A,N,,Y,,AC-018-000-00000,,,,,,,,,,
AC-018-006-00000,ALTRI TITOLI,,A,N,,Y,,AC-018-000-00000,,,,,,,,,,
AC-018-010-00000,FONDI SVALUTAZIONE,,A,N,,Y,,AC-018-000-00000,,,,,,,,,,
AC-019-000-00000,DIPENDENTI C/ANTICIPI,,A,N,,Y,,AC-000-000-00000,,,,,,,,,,
AC-019-001-00000,DIPENDENTI C/ANTICIPI,,A,N,,Y,,AC-019-000-00000,,,,,,,,,,
AC-019-001-00001,DIPENDENTI C/ANTICIPI,,A,N,,,E_PREPAYMENT_ACCT,AC-019-001-00000,,,,,,,,,,
AC-020-000-00000,ANTICIPI A FORNITORI,,A,N,,Y,,AC-000-000-00000,,,,,,,,,,
AC-020-001-00000,ANTICIPI A FORNITORI,,A,N,,Y,,AC-020-000-00000,,,,,,,,,,
AC-020-001-00001,ANTICIPI A FORNITORI,,A,N,,,V_PREPAYMENT_ACCT,AC-020-001-00000,,,,,,,,,,
AC-026-000-00000,DISPONIBILITA' LIQUIDE,,A,N,,Y,,AC-000-000-00000,,,,,,,,,,
AC-026-001-00000,DEPOSTI BANCARI E POSTALI,,A,N,,Y,,AC-026-000-00000,,,,,,,,,,
AC-026-001-00001,BANCA UBI,,A,N,,,B_ASSET_ACCT,AC-026-001-00000,,,,,,,,,,
AC-026-001-00002,UNICREDIT,,A,N,,,LIT_B_RIBABANK_ACCT,AC-026-001-00000,,,,,,,,,,
AC-026-002-00000,ASSEGNI E BANCA C/TRANSITORIO,,A,N,,Y,,AC-026-000-00000,,,,,,,,,,
AC-026-002-00001,ASSEGNI BANCARI,,A,N,,,,AC-026-002-00000,,,,,,,,,,
AC-026-002-00002,BANCA C/TRANSITORIO,,A,N,,,B_INTRANSIT_ACCT,AC-026-002-00000,,,,,,,,,,
AC-026-003-00000,DENARO E VALORI IN CASSA,,A,N,,Y,,AC-026-000-00000,,,,,,,,,,
AC-026-003-00001,CASSA CONTANTI,,A,N,,,CB_ASSET_ACCT,AC-026-003-00000,,,,,,,,,,
AC-026-003-00002,TRANSITI V/CASSA,,A,N,,,CB_CASHTRANSFER_ACCT,AC-026-003-00000,,,,,,,,,,
AC-026-003-00003,DENARO RICEVUTO DA CL.NON IDEN,,A,N,,,B_UNIDENTIFIED_ACCT,AC-026-003-00000,,,,,,,,,,
AC-026-003-00004,DENARO RICEVUTO NON ALLOCATO,,A,N,,,B_UNALLOCATEDCASH_ACCT,AC-026-003-00000,,,,,,,,,,
AD-000-000-00000,RATEI E RISCONTI ATTIVI,,A,N,,Y,,A0-000-000-00000,,,,,,,,,,
AD-028-000-00000,RATEI E RISCONTI ATTIVI,,A,N,,Y,,AD-000-000-00000,,,,,,,,,,
AD-028-001-00000,RATEI ATTIVI,,A,N,,Y,,AD-028-000-00000,,,,,,,,,,
AD-028-002-00000,RISCONTI ATTIVI,,A,N,,Y,,AD-028-000-00000,,,,,,,,,,
B0-000-000-00000,PASSIVITA',,L,N,,Y,,,,,,,,,,,,
BA-000-000-00000,PATRIMONIO NETTO,,O,N,,Y,,B0-000-000-00000,,,,,,,,,,
BA-030-000-00000,PATRIMONIO NETTO,,O,N,,Y,,BA-000-000-00000,,,,,,,,,,
BA-030-001-00000,CAPITALE,,O,N,,Y,,BA-030-000-00000,,,,,,,,,,
BA-030-001-00001,CAPITALE SOCIALE,,O,N,,,,BA-030-001-00000,,,,,,,,,,
BA-030-002-00000,RISERVA DA SOVRAPREZZO AZIONI,,O,N,,Y,,BA-030-000-00000,,,,,,,,,,
BA-030-002-00001,RISERVA DA SOVRAPREZZO AZIONI,,O,N,,,,BA-030-002-00000,,,,,,,,,,
BA-030-003-00000,RISERVE DI RIVALUTAZIONE,,O,N,,Y,,BA-030-000-00000,,,,,,,,,,
BA-030-004-00000,RISERVA LEGALE,,O,N,,Y,,BA-030-000-00000,,,,,,,,,,
BA-030-004-00001,RISERVA LEGALE,,O,N,,,,BA-030-004-00000,,,,,,,,,,
BA-030-005-00000,RISERVE AZIONI PROPRIE IN PORT,,O,N,,Y,,BA-030-000-00000,,,,,,,,,,
BA-030-005-00001,RISERVE AZIONI PROPRIE IN PORT,,L,N,,,,BA-030-005-00000,,,,,,,,,,
BA-030-006-00000,RISERVE STATUTARIE,,O,N,,Y,,BA-030-000-00000,,,,,,,,,,
BA-030-006-00001,RISERVE STATUTARIE,,O,N,,,,BA-030-006-00000,,,,,,,,,,
BA-030-007-00000,ALTRE RISERVE,,O,N,,Y,,BA-030-000-00000,,,,,,,,,,
BA-030-007-00001,RISERVA STRAORDINARIA,,O,N,,,,BA-030-007-00000,,,,,,,,,,
BA-030-008-00000,UTILI(PERDITE) PORTATI A NUOVO,,O,N,,Y,,BA-030-000-00000,,,,,,,,,,
BA-030-008-00001,UTILI ESERCIZI PRECEDENTI,,O,N,,,,BA-030-008-00000,,,,,,,,,,
BA-030-008-00002,PERDITE ESERCIZI PRECEDENTI,,O,N,,,,BA-030-008-00000,,,,,,,,,,
BB-000-000-00000,FONDI PER RISCHI E ONERI,,L,N,,Y,,B0-000-000-00000,,,,,,,,,,
BB-032-000-00000,FONDI PER RISCHI E ONERI,,L,N,,Y,,BB-000-000-00000,,,,,,,,,,
BB-032-001-00000,F.DI TRATT.QUIESCENZA E SIMILI,,L,N,,Y,,BB-032-000-00000,,,,,,,,,,
BB-032-002-00000,F.DI PER IMPOSTE,,L,N,,Y,,BB-032-000-00000,,,,,,,,,,
BB-032-002-00001,FONDO IMPOSTE,,L,N,,,,BB-032-002-00000,,,,,,,,,,
BB-032-003-00000,ALTRI F.DI PER RISCHI E ONERI,,L,N,,Y,,BB-032-000-00000,,,,,,,,,,
BC-000-000-00000,T.F.R.,,L,N,,Y,,B0-000-000-00000,,,,,,,,,,
BC-034-000-00000,TRATTAMENTO DI FINE RAPP. LAV.,,L,N,,Y,,BC-000-000-00000,,,,,,,,,,
BC-034-001-00000,TRATTAMENTO DI FINE RAPP. LAV.,,L,N,,Y,,BC-034-000-00000,,,,,,,,,,
BC-034-001-00001,FONDO TFR,,L,N,,,,BC-034-001-00000,,,,,,,,,,
BD-000-000-00000,DEBITI,,L,N,,Y,,B0-000-000-00000,,,,,,,,,,
BD-038-000-00000,DEBITI PER OBBLIGAZIONI,,L,N,,Y,,BD-000-000-00000,,,,,,,,,,
BD-038-001-00000,DEBITI PER OBBLIGAZIONI,,L,N,,Y,,BD-038-000-00000,,,,,,,,,,
BD-038-002-00000,DEBITI PER OBBLIG.CONVERTIBILI,,L,N,,Y,,BD-038-000-00000,,,,,,,,,,
BD-039-000-00000,DEBITI VERSO SOCI FINANZIATORI,,L,N,,Y,,BD-000-000-00000,,,,,,,,,,
BD-039-001-00000,DEBITI VERSO SOCI FINANZIATORI,,L,N,,Y,,BD-039-000-00000,,,,,,,,,,
BD-040-000-00000,DEBITI VERSO BANCHE,,L,N,,Y,,BD-000-000-00000,,,,,,,,,,
BD-040-001-00000,DEBITI VERSO BANCHE C/C,,L,N,,Y,,BD-040-000-00000,,,,,,,,,,
BD-040-002-00000,DEBITI VERSO BANCHE MUTUI FONDIARI,,L,N,,Y,,BD-040-000-00000,,,,,,,,,,
BD-040-002-00001,MUTUO BNL PER GARAGE,,L,N,,,,BD-040-001-00000,,,,,,,,,,
BD-044-000-00000,DEBITI V/ALTRI FINANZIATORI,,L,N,,Y,,BD-000-000-00000,,,,,,,,,,
BD-044-001-00000,DEBITI V/ALTRI FINANZIATORI,,L,N,,Y,,BD-044-000-00000,,,,,,,,,,
BD-044-001-00001,DEBITI V/ALTRI FINANZIATORI,,L,N,,,,BD-044-001-00000,,,,,,,,,,
BD-046-000-00000,ACCONTI,,L,N,,Y,,BD-000-000-00000,,,,,,,,,,
BD-046-001-00000,ACCONTI,,L,N,,Y,,BD-046-000-00000,,,,,,,,,,
BD-051-000-00000,CARTE DI CREDITO ,,L,N,,Y,,BD-000-000-00000,,,,,,,,,,
BD-051-001-00000,CARTE DI CREDITO VISA,,L,N,,Y,,BD-051-000-00000,,,,,,,,,,
BD-051-001-07471,LIBRA 471 C.M. VISA 4463,,L,N,,,,BD-051-001-00000,,,,,,,,,,
BD-051-001-07789,LIBRA 789 C.M. MASTERCARD 8771,,L,N,,,,BD-051-002-00000,,,,,,,,,,
BD-051-002-00000,CARTE CI CREDITO MASTER CARD,,L,N,,Y,,BD-051-000-00000,,,,,,,,,,
BD-051-002-00740,LIBRA 740 L.M.,,L,N,,,,BD-051-002-00000,,,,,,,,,,
BD-051-002-07560,LIBRA 560 O.P. MASTERCARD 7552,,L,N,,,,BD-051-002-00000,,,,,,,,,,
BD-052-000-00000,DEBITI VERSO FORNITORI,,L,N,,Y,,BD-000-000-00000,,,,,,,,,,
BD-052-001-00000,FORNITORI C/FATTURE,,L,N,,Y,,BD-052-000-00000,,,,,,,,,,
BD-052-001-00001,FORNITORI C/FATTURE,,L,N,,,V_LIABILITY_ACCT,BD-052-001-00000,,,,,,,,,,
BD-052-002-00000,DEBITI PER FATTURE DA RICEVERE,,L,N,,Y,,BD-052-000-00000,,,,,,,,,,
BD-052-002-00001,DEBITI PER FATTURE DA RICEVERE,,L,N,,,NOTINVOICEDRECEIPTS_ACCT,BD-052-002-00000,,,,,,,,,,
BD-052-002-00002,DEBITIPERFATTUREDARICEVERESERVIZI,,L,N,,,C_RECEIVABLE_SERVICES_ACCT,BD-052-002-00000,,,,,,,,,,
BD-052-003-00000,DEBITI PER SERVIZI,,L,N,,Y,,BD-052-000-00000,,,,,,,,,,
BD-052-003-00001,DEBITI PER SERVIZI,,L,N,,,V_LIABILITY_SERVICES_ACCT,BD-052-003-00000,,,,,,,,,,
BD-052-004-00000,ALTRI DEBITI COMMERCIALI,,L,N,,Y,,BD-052-000-00000,,,,,,,,,,
BD-052-004-00001,ALTRI DEBITI COMMERCIALI,,L,N,,,B_PAYMENTSELECT_ACCT,BD-052-004-00000,,,,,,,,,,
BD-052-004-00002,ESTRATTO CONTO C CREDITO,,L,N,,,,BD-052-004-00000,,,,,,,,,,
BD-052-004-00003,DEBITI PER VARIAZ.PREZZI CONTAT.,,L,N,,,PPVOFFSET_ACCT,BD-052-004-00000,,,,,,,,,,
BD-053-000-00000,DEBITI DA TITOLI E V/IMPRESE,,L,N,,Y,,BD-000-000-00000,,,,,,,,,,
BD-053-001-00000,DEBITI RAPP.DA TIT.DI CREDITO,,L,N,,Y,,BD-053-000-00000,,,,,,,,,,
BD-053-001-00001,CAMBIALI PASSIVE COMMERCIALI,,L,N,,,,BD-053-001-00000,,,,,,,,,,
BD-053-002-00000,DEBITI V/IMPRESE CONTROLLATE,,L,N,,Y,,BD-053-000-00000,,,,,,,,,,
BD-053-003-00000,DEBITI V/IMPRESE COLLEGATE,,L,N,,Y,,BD-053-000-00000,,,,,,,,,,
BD-053-003-00001,DEBITI V/IMPRESE COLLEGATE,,L,N,,,INTERCOMPANYDUETO_ACCT,BD-053-003-00000,,,,,,,,,,
BD-053-004-00000,DEBITI V/CONTROLLANTI,,L,N,,Y,,BD-053-000-00000,,,,,,,,,,
BD-054-000-00000,DEBITI TRIBUTARI,,L,N,,Y,,BD-000-000-00000,,,,,,,,,,
BD-054-001-00000,DEBITI V/ERARIO C/RITENUTE,,L,N,,Y,,BD-054-000-00000,,,,,,,,,,
BD-054-001-00001,RIT. ACC.TO RETRIB. DIPENDENTI,,L,N,,,WITHHOLDING_ACCT,BD-054-001-00000,,,,,,,,,,
BD-054-001-00002,RIT. ACC.TO LAV. AUTONOMO,,L,N,Y,N,T_PREPAYMENTWITHHOLDING_ACCT,BD-054-001-00000,,,,,,,,,,
BD-054-001-00003,ADDIZIONALE REGIONALE IRPEF,,L,N,,,,BD-054-001-00000,,,,,,,,,,
BD-054-001-00004,ADDIZIONALE COMUNALE IRPEF ( ROMA ) H501,,L,N,,,,BD-054-001-00000,,,,,,,,,,
BD-054-001-00005,ADDIZIONALE COMUNALE ( VITERBO ) M082,,L,N,,,,BD-054-001-00000,,,,,,,,,,
BD-054-001-00006,RIT. ACC.TO TFR DIPENDENTI,,L,N,,,,BD-054-001-00000,,,,,,,,,,
BD-054-001-00007,IMPOSTA SOSTITUTIVA TFR,,L,N,,,,BD-054-001-00000,,,,,,,,,,
BD-054-002-00000,DEBITI V/ERARIO C/IMPOSTE,,L,N,,Y,,BD-054-000-00000,,,,,,,,,,
BD-054-002-00001,DEBITI V/ERARIO C/IRPEG,,L,N,,,T_DUE_ACCT,BD-054-002-00000,,,,,,,,,,
BD-054-002-00002,DEBITI V/ERARIO C/IRAP,,L,N,,,,BD-054-002-00000,,,,,,,,,,
BD-054-002-00003,ERARIO C/IMPOSTE,,L,N,,,T_LIABILITY_ACCT,BD-054-002-00000,,,,,,,,,,
BD-054-002-00004,DEBITI V/ERARIO C/ICI,,L,N,,,,BD-054-002-00000,,,,,,,,,,
BD-054-999-00000,AGENZIA DELLE ENTRATE,,L,N,,Y,,BD-054-000-00000,,,,,,,,,,
BD-054-999-00001,AGENZIA DELLE ENTRATE,,L,N,,,,BD-054-999-00000,,,,,,,,,,
BD-056-000-00000,DEBITI V/ISTITUTI PREV. E ASS.,,L,N,,Y,,BD-000-000-00000,,,,,,,,,,
BD-056-001-00000,DEBITI V/ENTI PREVIDENZIALI,,L,N,,Y,,BD-056-000-00000,,,,,,,,,,
BD-056-001-00001,DEBITI V/INPS INPS C/CONTIBUTI,,L,N,,,,BD-056-001-00000,,,,,,,,,,
BD-056-001-00002,DEBITI V/INPS CONTR.PREV.10%,,L,N,,,,BD-056-001-00000,,,,,,,,,,
BD-056-001-00003,DEBITI V/ENASARCO,,L,N,,,,BD-056-001-00000,,,,,,,,,,
BD-056-001-00004,DEBITI V/INAIL CONTR.PREV.10%,,L,N,,,,BD-056-001-00000,,,,,,,,,,
BD-056-001-00005,DILAZIONI PREVIDENZIALI,,L,N,,,,BD-056-001-00000,,,,,,,,,,
BD-056-002-00000,DEBITI V/ISTIT.DI SICUR.SOC.LE,,L,N,,Y,,BD-056-000-00000,,,,,,,,,,
BD-058-000-00000,ALTRI DEBITI,,L,N,,Y,,BD-000-000-00000,,,,,,,,,,
BD-058-001-00000,DEBITI VERSO DIPENDENTI,,L,N,,Y,,BD-000-000-00000,,,,,,,,,,
BD-058-001-01000,STIPENDI,,L,N,,,E_EXPENSE_ACCT,BD-058-001-00000,,,,,,,,,,
BD-058-001-01100,PREMI,,L,N,,,,BD-058-001-00000,,,,,,,,,,
BD-060-000-00000,ERARIO CONTO IVA,,L,N,,Y,,BD-000-000-00000,,,,,,,,,,
BD-060-001-00000,ERARIO CONTO IVA,,L,N,,Y,,BD-060-000-00000,,,,,,,,,,
BD-060-001-00001,ERARIO C/IVA VENDITE,,L,N,,,,BD-060-001-00000,,,,,,,,,,
BD-060-001-00002,ERARIO C/IVA ACQUISTI,,L,N,,,,BD-060-001-00000,,,,,,,,,,
BD-060-001-00003,ERARIO C/IVA VERSAMENTI,,L,N,,,,BD-060-001-00000,,,,,,,,,,
BD-060-001-00004,ERARIO C/IVA A SALDO,,L,N,,,,BD-060-001-00000,,,,,,,,,,
BD-060-001-00005,IVA A ESIGIBILITA' DIFFERITA,,L,N,Y,N,T_SUSPENDED_ACCT,BD-060-001-00000,,,,,,,,,,
BD-065-000-00000,ANTICIPI DA CLIENTI,,L,N,,Y,,BD-000-000-00000,,,,,,,,,,
BD-065-001-00000,ANTICIPI DA CLIENTI,,L,N,,Y,,BD-065-000-00000,,,,,,,,,,
BD-065-001-00001,ANTICIPI DA CLIENTI,,L,N,,,C_PREPAYMENT_ACCT,BD-065-001-00000,,,,,,,,,,
BE-000-000-00000,RATEI E RISCONTI PASSIVI,,L,N,,Y,,B0-000-000-00000,,,,,,,,,,
BE-059-000-00000,RATEI E RISCONTI PASSIVI,,L,N,,Y,,BE-000-000-00000,,,,,,,,,,
BE-059-001-00000,RATEI PASSIVI,,L,N,,Y,,BE-059-000-00000,,,,,,,,,,
BE-059-002-00000,RISCONTI PASSIVI,,L,N,,Y,,BE-059-000-00000,,,,,,,,,,
DO-000-000-00000,CONTI D'ORDINE,,A,N,,Y,,,,,,,,,,,,
DO-061-000-00000,CONTI D'ORDINE,,A,N,,Y,,DO-000-000-00000,,,,,,,,,,
DO-061-001-00000,CONTI D'ORDINE,,A,N,,Y,,DO-061-000-00000,,,,,,,,,,
DO-061-001-00100,CONTI D'ORDINE budget,,A,N,,,COMMITMENTOFFSET_ACCT,DO-061-001-00000,,,,,,,,,,
DO-061-001-00101,CONTI D'ORDINE budget vendite,,A,N,,,COMMITMENTOFFSETSALES_ACCT,DO-000-000-00000,,,,,,,,,,
E0-000-000-00000,PERDITE,,E,N,,Y,,,,,,,,,,,,
EA-000-000-00000,PRODUZIONE,,R,N,,Y,,,,,,,,,,,,
EA-001-000-00000,VALORE DELLA PRODUZIONE,,R,N,,Y,,EA-000-000-00000,,,,,,,,,,
EA-001-001-00000,RICAVI DELLE VENDITE,,R,N,,Y,,EA-001-000-00000,,,,,,,,,,
EA-001-001-00001,RICAVI C/VENDITE,,R,N,,,P_REVENUE_ACCT,EA-001-001-00000,,,,,,,,,,
EA-001-001-00002,HELP DESK,,R,N,,,,EA-001-001-00000,,,,,,,,,,
EA-001-001-00003,INTERVENTI,,R,N,,,,EA-001-001-00000,,,,,,,,,,
EA-001-001-00004,MANUTENZIONE,,R,N,,,,EA-001-001-00000,,,,,,,,,,
EA-001-001-00005,CORRISPETTIVI,,R,N,,,CB_RECEIPT_ACCT,EA-001-001-00000,,,,,,,,,,
EA-001-001-00006,ANALISIE CONSULENZE,,R,N,,,,EA-001-001-00000,,,,,,,,,,
EA-001-001-00007,SERVIZI CED,,R,N,,,,EA-001-001-00000,,,,,,,,,,
EA-001-001-00008,VENDITE HARDWARE,,R,N,,,,EA-001-001-00000,,,,,,,,,,
EA-001-001-00010,RICAVI E PROVENTI VARI,,R,N,,,CH_REVENUE_ACCT,EA-001-001-00000,,,,,,,,,,
EA-001-001-00015,RETTIFICHE DI RICAVI,,R,N,,,,EA-001-001-00000,,,,,,,,,,
EA-001-001-00020,DIFF.POS.CAMBI(STESSA DIVISA),,R,N,,,UNREALIZEDGAIN_ACCT,EA-001-001-00000,,,,,,,,,,
EA-001-001-00021,DIF.CAMBI(#DIV.TRA DOC.E PAGA),,R,N,,,REALIZEDGAIN_ACCT,EA-001-001-00000,,,,,,,,,,
EA-001-001-00022,RICAVI PRESUNTI,,R,N,,,UNEARNEDREVENUE_ACCT,EA-001-001-00000,,,,,,,,,,
EA-001-001-00023,RICAVI SU FATTURE DA EMETTERE,,R,N,,,NOTINVOICEDREVENUE_ACCT,EA-001-001-00000,,,,,,,,,,
EA-001-010-00000,RICAVI PER RIADDEBITI,,R,N,,Y,,EA-001-000-00000,,,,,,,,,,
EA-001-010-00100,RIADDEBITO R.L. HW SOFTWARE,,R,N,,,,EA-001-010-00000,,,,,,,,,,
EA-001-010-00110,RIADDEBITO R.L. RISORSE,,R,N,,,,EA-001-010-00000,,,,,,,,,,
EA-001-010-00120,RICAVI DA ALTRI FINANZIAMENTI,,R,N,,,,EA-001-010-00000,,,,,,,,,,
EA-002-000-00000,VARIAZIONE DELLE RIMANENZE,,R,N,,Y,,EA-000-000-00000,,,,,,,,,,
EA-002-020-00000,VARIAZ. DELLE RIM. DI PROD. IN LAVORAZIONE,,R,N,,Y,,EA-002-000-00000,,,,,,,,,,
EA-003-000-00000,VARIAZIONE DEI LAVORI IN CORSO,,R,N,,Y,,EA-000-000-00000,,,,,,,,,,
EA-003-001-00000,VAR. LAVORI IN CORSO IN ORDINAZIONE,,R,N,,Y,,EA-003-000-00000,,,,,,,,,,
EA-004-000-00000,INCREMENTI DI IMMOBILIZZAZIONI PER LAVORI INTERNI,,E,N,,Y,,EA-000-000-00000,,,,,,,,,,
EA-004-001-00000,INCREMENTI IMM.NI LAVORI INT.,,R,N,,Y,,EA-004-000-00000,,,,,,,,,,
EA-005-000-00000,ALTRI RICAVI E PROVENTI,,R,N,,Y,,EA-000-000-00000,,,,,,,,,,
EA-005-001-00000,RICAVI DIVERSI,,R,N,,Y,,EA-005-000-00000,,,,,,,,,,
EA-005-001-00001,RIBASSI E ABBUONI ATTIVI,,R,N,,,P_TRADEDISCOUNTGRANT_ACCT,EA-005-001-00000,,,,,,,,,,
EA-005-001-00002,RICAVI CESSION IMMOBILIZZAZIONI,,R,N,,,,EA-005-001-00000,,,,,,,,,,
EA-005-001-00003,SCONTI PER PAG.ANTICIP.,,R,N,,,PAYDISCOUNT_REV_ACCT,EA-005-001-00000,,,,,,,,,,
EA-005-002-00000,PROVENTI VARI,,R,N,,Y,,EA-005-000-00000,,,,,,,,,,
EA-005-002-00001,PROV.RIVALUT.C/C IN DIV.ESTERA,,R,N,,,B_REVALUATIONGAIN_ACCT,EA-005-002-00000,,,,,,,,,,
EA-005-002-00002,DIFF.POS.TRA FATT.E SCRIT.BANC,,R,N,,,B_SETTLEMENTGAIN_ACCT,EA-005-002-00000,,,,,,,,,,
EB-000-000-00000,COSTI,,E,N,,Y,,E0-000-000-00000,,,,,,,,,,
EB-005-000-00000,PRODUZIONE,,E,N,,Y,,EB-000-000-00000,,,,,,,,,,
EB-005-001-00000,COSTI PRODUZIONE ,,E,N,,Y,,EB-005-000-00000,,,,,,,,,,
EB-005-001-00100,COSTO DELLA PRODUZIONE,,E,N,,,,EB-005-001-00000,,,,,,,,,,
EB-005-001-00300,COSTO DELLA FORZA LAVORO,,E,N,,,,EB-005-001-00000,,,,,,,,,,
EB-005-001-00400,COSTO DELLO SFRIDO,,E,N,,,,EB-005-001-00000,,,,,,,,,,
EB-006-000-00000,ACQUISTI,,E,N,,Y,,EB-000-000-00000,,,,,,,,,,
EB-006-010-00000,ACQUISTI PER COMMESSA,,E,N,,Y,,EB-006-000-00000,,,,,,,,,,
EB-006-010-00100,COSTO DEL VENDUTO ,,E,N,,,P_COGS_ACCT,EB-006-010-00000,,,,,,,,,,
EB-006-010-00110,MERCI C/ACQUISTI,,E,N,,,P_INVENTORYCLEARING_ACCT,EB-006-010-00000,,,,,,,,,,
EB-006-010-00120,ACQUISTI BENE E SERVIZI,,E,N,,,P_EXPENSE_ACCT,EB-006-010-00000,,,,,,,,,,
EB-006-015-00100,VARIAZIONE PREZZO ACQUISTO,,E,N,,,P_COSTADJUSTMENT_ACCT,EB-006-010-00000,,,,,,,,,,
EB-006-015-00110,VARIAZIONE COSTO MEDIO D'ACQUISTO,,E,N,,,P_AVERAGECOSTVARIANCE_ACCT,EB-006-010-00000,,,,,,,,,,
EB-006-020-00000,ACQUISTO MATERIALE DI CONSUMO,,E,N,,Y,,EB-006-000-00000,,,,,,,,,,
EB-006-020-00090,MATERIALI DI CONSUMO,,E,N,,,,EB-006-020-00000,,,,,,,,,,
EB-006-020-00100,TONER E MATERIALE INFORMATICO,,E,N,,,,EB-006-020-00000,,,,,,,,,,
EB-006-020-00110,CANCELLERIA,,E,N,,,,EB-006-020-00000,,,,,,,,,,
EB-006-020-00120,MATERIALE PUBBLICITARIO,,E,N,,,,EB-006-020-00000,,,,,,,,,,
EB-006-020-00130,CARBURANTI E LUBRIFICANTI,,E,N,,,,EB-006-020-00000,,,,,,,,,,
EB-006-020-00140,TRASPORTI SU ACQUISTI,,E,N,,,P_LANDEDCOSTCLEARING_ACCT,EB-006-020-00000,,,,,,,,,,
EB-006-030-00000,MATERIE PRIME PER LA PRODUZIONE,,E,N,,Y,,EB-006-000-00000,,,,,,,,,,
EB-006-030-00001,ACQUISTO MATERIE PRIME PER LA PRODUZIONE,,E,N,,,,EB-006-030-00000,,,,,,,,,,
EB-006-030-00002,COSTI PER VARIAZIONE METODO DI PRODUZIONE,,E,N,,,P_METHODCHANGEVARIANCE_ACCT,EB-006-030-00000,,,,,,,,,,
EB-006-030-00003,DIFFERENZA COSTI TRA D.B E PRODUZIONE,,E,N,,,P_USAGEVARIANCE_ACCT,EB-006-030-00000,,,,,,,,,,
EB-006-030-00004,DIFFERENZA TASSI SU ACQ. PRODUZIONE,,E,N,,,P_RATEVARIANCE_ACCT,EB-006-030-00000,,,,,,,,,,
EB-006-030-00005,ONERI SU MATERIALI DI PRODUZIONE,,E,N,,,P_BURDEN_ACCT,EB-006-030-00000,,,,,,,,,,
EB-006-030-00006,SCARTI DI LAVORAZIONE,,E,N,,,P_SCRAP_ACCT,EB-006-030-00000,,,,,,,,,,
EB-006-030-00007,SPESE VARIE PER MATERIALI DI PRODUZIONE,,E,N,,,P_OVERHEAD_ACCT,EB-006-030-00000,,,,,,,,,,
EB-007-000-00000,COSTI PER SERVIZI,,E,N,,Y,,EB-000-000-00000,,,,,,,,,,
EB-007-010-00000,INCARICHI,,E,N,,Y,,EB-007-000-00000,,,,,,,,,,
EB-007-010-00100,INCARICHI CON SAL,,E,N,,,,EB-007-010-00000,,,,,,,,,,
EB-007-010-00110,INCARICHI TIME SHEET,,E,N,,,,EB-007-010-00000,,,,,,,,,,
EB-007-010-00120,INCARICHI A CORPO,,E,N,,,,EB-007-010-00000,,,,,,,,,,
EB-007-010-00130,LAVORAZIONI C/TERZI,,E,N,,,P_OUTSIDEPROCESSING_ACCT,EB-007-010-00000,,,,,,,,,,
EB-007-030-00000,TRASFERTE,,E,N,,Y,,EB-007-000-00000,,,,,,,,,,
EB-007-030-00100,TRASPORTI,,E,N,,,,EB-007-030-00000,,,,,,,,,,
EB-007-030-00110,ALBERGHI PASTI,,E,N,,,,EB-007-030-00000,,,,,,,,,,
EB-007-030-00120,PASTI,,E,N,,,,EB-007-030-00000,,,,,,,,,,
EB-007-030-00130,ALTRE SPESE DOC.,,E,N,,,,EB-007-030-00000,,,,,,,,,,
EB-007-030-00140,KM PROPRIA AUTO,,E,N,,,,EB-007-030-00000,,,,,,,,,,
EB-007-030-00150,SPESE E BOLLI CARTE DI CREDITO,,E,N,,,,EB-007-030-00000,,,,,,,,,,
EB-007-040-00000,GARE E CONTRATTI,,E,N,,Y,,EB-007-000-00000,,,,,,,,,,
EB-007-040-00100,SPESE LEGALI,,E,N,,,,EB-007-040-00000,,,,,,,,,,
EB-007-040-00110,SPESE PUBBLICAZIONE GARE,,E,N,,,,EB-007-040-00000,,,,,,,,,,
EB-007-050-00000,GESTIONE UFFICI,,E,N,,Y,,EB-007-000-00000,,,,,,,,,,
EB-007-050-00100,VIGILANZA,,E,N,,,,EB-007-050-00000,,,,,,,,,,
EB-007-050-00110,SERVIZI DI PULIZIA,,E,N,,,,EB-007-050-00000,,,,,,,,,,
EB-007-050-00120,SERVIZIO SMALTIMENTO RIFIUTI,,E,N,,,,EB-007-050-00000,,,,,,,,,,
EB-007-050-00130,ENERGIA ELETTRICA,,E,N,,,,EB-007-050-00000,,,,,,,,,,
EB-007-050-00140,GAS,,E,N,,,,EB-007-050-00000,,,,,,,,,,
EB-007-050-00150,CONDOMINIO,,E,N,,,,EB-007-050-00000,,,,,,,,,,
EB-007-060-00000,MANUTENZIONI,,E,N,,Y,,EB-007-000-00000,,,,,,,,,,
EB-007-060-00100,CANONI DI MANUTENZIONE SW PER.,,E,N,,,,EB-007-060-00000,,,,,,,,,,
EB-007-060-00110,MANUT.E RIPARAZIONI HW,,E,N,,,,EB-007-060-00000,,,,,,,,,,
EB-007-060-00120,MANUTENZIONE SOFTWARE,,E,N,,,,EB-007-060-00000,,,,,,,,,,
EB-007-060-00130,MANUT.E RIPARAZ. AUTOMEZZI,,E,N,,,,EB-007-060-00000,,,,,,,,,,
EB-007-060-00140,MANUT.E RIPARAZ. BENI DIVERSI,,E,N,,,,EB-007-060-00000,,,,,,,,,,
EB-007-060-00150,MANUT.E RIPARAZ.BENI DIV.TERZI,,E,N,,,,EB-007-060-00000,,,,,,,,,,
EB-007-060-00160,MANUT.E RIPARAZ.UFFICI,,E,N,,,,EB-007-060-00000,,,,,,,,,,
EB-007-070-00000,ASSICURAZIONI,,E,N,,Y,,EB-007-000-00000,,,,,,,,,,
EB-007-070-00100,ASSICURAZIONI RCA,,E,N,,,,EB-007-070-00000,,,,,,,,,,
EB-007-070-00110,ASSICURAZIONI RCT,,E,N,,,,EB-007-070-00000,,,,,,,,,,
EB-007-070-00120,ASSICURAZ.NON OBBLIGATORIE,,E,N,,,,EB-007-070-00000,,,,,,,,,,
EB-007-070-00130,ASSICURAZIONI UFFICI,,E,N,,,,EB-007-070-00000,,,,,,,,,,
EB-007-080-00000,ORGANI SOCIALI,,E,N,,Y,,EB-007-000-00000,,,,,,,,,,
EB-007-080-00100,COMP.AMM.-CO.CO.CO.(SOCI),,E,N,,,,EB-007-080-00000,,,,,,,,,,
EB-007-080-00110,COMPENSI SINDACI-PROFESSIONIST,,E,N,,,,EB-007-080-00000,,,,,,,,,,
EB-007-080-00120,COMPENSI REVISORE UNICO,,E,N,,,,EB-007-080-00000,,,,,,,,,,
EB-007-080-00130,RIMBORSI PIE' DI LISTA AMMINIS,,E,N,,,,EB-007-080-00000,,,,,,,,,,
EB-007-080-00140,RIMBORSI SPESE AMMINISTRATORE,,E,N,,,,EB-007-080-00000,,,,,,,,,,
EB-007-090-00000,PARASUBORDINATI,,E,N,,Y,,EB-007-000-00000,,,,,,,,,,
EB-007-090-00100,CONSULENZE A PROGETTO,,E,N,,,,EB-007-090-00000,,,,,,,,,,
EB-007-090-00110,CONTR.INPS CONS.A PROGETTO,,E,N,,,,EB-007-090-00000,,,,,,,,,,
EB-007-100-00000,COMUNICAZIONE E MARKETING,,E,N,,Y,,EB-007-000-00000,,,,,,,,,,
EB-007-100-00100,PUBBLICITA',,E,N,,,,EB-007-100-00000,,,,,,,,,,
EB-007-100-00110,MOSTRE E FIERE,,E,N,,,,EB-007-100-00000,,,,,,,,,,
EB-007-100-00120,SPESE DI RAPPRESENTANZA,,E,N,,,CB_EXPENSE_ACCT,EB-007-100-00000,,,,,,,,,,
EB-007-100-00130,SP.RAPPRES.-OMAGGI<25,,E,N,,,,EB-007-100-00000,,,,,,,,,,
EB-007-100-00140,PARTECIPAZIONE A CONVEGNI,,E,N,,,,EB-007-100-00000,,,,,,,,,,
EB-007-100-00150,COMUNICAZIONE E MARKETING,,E,N,,,,EB-007-100-00000,,,,,,,,,,
EB-007-110-00000,BANCARIE,,E,N,,Y,,EB-007-000-00000,,,,,,,,,,
EB-007-110-00100,COMM. BANCARIE PER TENUTA CONTO,,E,N,,,,EB-007-110-00000,,,,,,,,,,
EB-007-110-00110,ONERI BANCARI FONDO ROTAZIONE,,E,N,,,,EB-007-110-00000,,,,,,,,,,
EB-007-120-00000,PROFESSIONALI,,E,N,,Y,,EB-007-000-00000,,,,,,,,,,
EB-007-120-00100,CONSULENZE LEGALI,,E,N,,,,EB-007-120-00000,,,,,,,,,,
EB-007-120-00110,TENUTA PAGHE CONT.DICH.DA IMP.,,E,N,,,,EB-007-120-00000,,,,,,,,,,
EB-007-120-00120,TEN.PAGHE CONT.DICH.DA LAV.AUT,,E,N,,,,EB-007-120-00000,,,,,,,,,,
EB-007-120-00130,CONSULENZE AMMINISTRATIVE,,E,N,,,,EB-007-120-00000,,,,,,,,,,
EB-007-120-00140,SPESE NOTARILI,,E,N,,,,EB-007-120-00000,,,,,,,,,,
EB-007-120-00150,CONSULENZA FISCALE,,E,N,,,,EB-007-120-00000,,,,,,,,,,
EB-007-120-00160,CONSUL.SISTEMA QUALITA',,E,N,,,,EB-007-120-00000,,,,,,,,,,
EB-007-120-00170,CONSULENZA LEGGE 626,,E,N,,,,EB-007-120-00000,,,,,,,,,,
EB-007-120-00180,CONSULENZA DI DIREZIONE,,E,N,,,,EB-007-120-00000,,,,,,,,,,
EB-007-120-00190,INTERNALAUDIT,,E,N,,,,EB-007-120-00000,,,,,,,,,,
EB-007-120-00200,SPESE GESTIONE ,,E,N,,,,EB-007-120-00000,,,,,,,,,,
EB-007-130-00000,TELEFONICHE,,E,N,,Y,,EB-007-000-00000,,,,,,,,,,
EB-007-130-00100,SPESE POSTALI E AFFRANCATURA,,E,N,,,,EB-007-130-00000,,,,,,,,,,
EB-007-130-00110,SPESE TELEFONICHE DEDUCIBILI,,E,N,,,,EB-007-130-00000,,,,,,,,,,
EB-007-130-00120,SPESE CELLULARI,,E,N,,,,EB-007-130-00000,,,,,,,,,,
EB-007-140-00000,SERVIZI AL PERSONALE,,E,N,,Y,,EB-007-000-00000,,,,,,,,,,
EB-007-140-00100,MENSA AZ.LE APPALTATA E BUONI,,E,N,,,,EB-007-140-00000,,,,,,,,,,
EB-007-140-00110,RICERCA ADDESTRAMENTO EFORMAZ.,,E,N,,,,EB-007-140-00000,,,,,,,,,,
EB-007-150-00000,GENERALI,,E,N,,Y,,EB-007-000-00000,,,,,,,,,,
EB-007-150-00100,GENERALI,,E,N,,,,EB-007-150-00000,,,,,,,,,,
EB-008-000-00000,GODIMENTI BENI DI TERZI,,E,N,,Y,,EB-000-000-00000,,,,,,,,,,
EB-008-001-00000,GODIMENTO DI BENI DI TERZI,,E,N,,Y,,EB-008-000-00000,,,,,,,,,,
EB-008-001-00100,AFFITTI E LOCAZIONI,,E,N,,,,EB-008-001-00000,,,,,,,,,,
EB-008-001-00110,LEASING OPERATIVO,,E,N,,,,EB-008-001-00000,,,,,,,,,,
EB-008-001-00120,LEASING FINANZIARIO,,E,N,,,,EB-008-001-00000,,,,,,,,,,
EB-008-001-00130,NOLEGGIO AUTOVETTURE,,E,N,,,,EB-008-001-00000,,,,,,,,,,
EB-008-001-00140,POSTO AUTO AZIENDALI,,E,N,,,,EB-008-001-00000,,,,,,,,,,
EB-008-001-00150,LICENZA D'USO SOFTWARE DI ESER,,E,N,,,,EB-008-001-00000,,,,,,,,,,
EB-008-001-00160,ONERI E PERDITE VARIE,,E,N,,,CH_EXPENSE_ACCT,EB-008-001-00000,,,,,,,,,,
EB-008-001-00170,ONERI E PERDITE VARIE PRODUZIONE,,E,N,,,,EB-008-001-00000,,,,,,,,,,
EB-009-000-00000,SPESE PER IL PERSONALE,,E,N,,Y,,EB-000-000-00000,,,,,,,,,,
EB-009-001-00000,SALARI E STIPENDI,,E,N,,Y,,EB-009-000-00000,,,,,,,,,,
EB-009-001-00100,RETRIBUZIONI LORDE,,E,N,,,,EB-009-001-00000,,,,,,,,,,
EB-009-001-00110,RETRIBUZIONI DIFFERITE,,E,N,,,,EB-009-001-00000,,,,,,,,,,
EB-009-001-00120,RETRIB.RATEI FERIE PERMESSI,,E,N,,,,EB-009-001-00000,,,,,,,,,,
EB-009-001-00130,PREMI E ALTRI ELEMENTI SIMILI,,E,N,,,,EB-009-001-00000,,,,,,,,,,
EB-009-001-00140,RIMB. KM,,E,N,,,,EB-009-001-00000,,,,,,,,,,
EB-009-001-00150,RIMB.P.LISTA,,E,N,,,,EB-009-001-00000,,,,,,,,,,
EB-009-001-00160,ARROTONDAMENTI,,E,N,,,,EB-009-001-00000,,,,,,,,,,
EB-009-001-00170,INDENNITA' MALATTIE,,E,N,,,,EB-009-001-00000,,,,,,,,,,
EB-009-002-00000,ONERI SOCIALI,,E,N,,Y,,EB-009-000-00000,,,,,,,,,,
EB-009-002-00100,CONTRIBUTI INPS,,E,N,,,,EB-009-002-00000,,,,,,,,,,
EB-009-002-00110,ONERI SOC.INPS SU RETR.DIFFER.,,E,N,,,,EB-009-002-00000,,,,,,,,,,
EB-009-002-00120,ONERI INPS/INAIL SU PREMI PROD,,E,N,,,,EB-009-002-00000,,,,,,,,,,
EB-009-002-00130,ONERI INPS/INAIL RATEI STIPEN.,,E,N,,,,EB-009-002-00000,,,,,,,,,,
EB-009-002-00140,PREVINDAI PREVIDENZA COMPLEM.,,E,N,,,,EB-009-002-00000,,,,,,,,,,
EB-009-002-00150,FASI PREVIDENZA COMPLEMENTARE,,E,N,,,,EB-009-002-00000,,,,,,,,,,
EB-009-002-00160,PREVIDIR ALTRE ASSICURAZIONI,,E,N,,,,EB-009-002-00000,,,,,,,,,,
EB-009-002-00170,INAIL,,E,N,,,LIT_B_RIBAGENERIC_ACCT,EB-009-002-00000,,,,,,,,,,
EB-009-003-00000,ACCANTONAMENTO TFR,,E,N,,Y,,EB-009-000-00000,,,,,,,,,,
EB-009-003-00001,ACCANTONAMENTO TFR,,E,N,,,,EB-009-003-00000,,,,,,,,,,
EB-009-004-00000,TRATTAMENTO DI QUIESCENZA E SIMILI,,E,N,,Y,,EB-009-000-00000,,,,,,,,,,
EB-009-004-00001,TRATTAMENTO DI QUIESCENZA,,E,N,,,,EB-009-004-00000,,,,,,,,,,
EB-009-005-00000,ALTRI COSTI DEL PERSONALE,,E,N,,Y,,EB-009-000-00000,,,,,,,,,,
EB-009-005-00001,CORSI FORMAZIONE,,E,N,,,,EB-009-005-00000,,,,,,,,,,
EB-009-006-00000,COSTI DELLA MANODOPERA DI PRODUZIONE,,E,N,,Y,,EB-009-000-00000,,,,,,,,,,
EB-009-006-00001,COSTI DELLA PRODUZIONE,,E,N,,,P_LABOR_ACCT,EB-009-006-00000,,,,,,,,,,
EB-009-005-00002,COSTI DEL FERMO DI PRODUZIONE,,E,N,,,P_COSTOFPRODUCTION_ACCT,EB-009-006-00000,,,,,,,,,,
EB-010-000-00000,AMMORTAMENTI E SVALUTAZIONI,,E,N,,Y,,EB-000-000-00000,,,,,,,,,,
EB-010-001-00000,AMM.TO IMMOBIL. IMMATERIALI,,E,N,,Y,,EB-010-000-00000,,,,,,,,,,
EB-010-001-00001,AMM.TO IMPIANTO E AMPL. SPESE COST.,,E,N,,,,EB-010-001-00000,,,,,,,,,,
EB-010-001-00002,AMM.TO RICERCA  SVILUP. E PUB.,,E,N,,,,EB-010-001-00000,,,,,,,,,,
EB-010-001-00003,AMM.TO BREVETTI E OPERE ING. SOFTWARE,,E,N,,,,EB-010-001-00000,,,,,,,,,,
EB-010-001-00004,AMM.TO CONC.  LICENZE E MARCHI,,E,N,,,,EB-010-001-00000,,,,,,,,,,
EB-010-001-00005,AMM.TO AVVIAMENTO,,E,N,,,,EB-010-001-00000,,,,,,,,,,
EB-010-001-00007,AMM.TO ALTRE IMMOBIL. IMMAT.LI,,E,N,,,,EB-010-001-00000,,,,,,,,,,
EB-010-002-00000,AMM.TO IMMOBILIZZ. MATERIALI,,E,N,,Y,,EB-010-000-00000,,,,,,,,,,
EB-010-002-00001,AMM.TO FABBRICATI,,E,N,,,,EB-010-002-00000,,,,,,,,,,
EB-010-002-00002,AMM.TO IMPIANTI E MACCHINARI,,E,N,,,,EB-010-002-00000,,,,,,,,,,
EB-010-002-00003,AMM.TO ATTREZZATURE,,E,N,,,,EB-010-002-00000,,,,,,,,,,
EB-010-002-00004,AMM.TO ALTRI BENI,,E,N,,,,EB-010-002-00000,,,,,,,,,,
EB-010-003-00000,SVALUTAZIONI DELLE IMMOBIL.NI,,E,N,,Y,,EB-010-000-00000,,,,,,,,,,
EB-010-004-00000,SVALUTAZIONE DEI CREDITI NELL'ATTIVO,,E,N,,Y,,EB-010-000-00000,,,,,,,,,,
EB-010-004-00001,SVALUTAZIONI,,E,N,,,W_REVALUATION_ACCT,EB-010-004-00000,,,,,,,,,,
EB-011-000-00000,VAR. RIM. MAT.PRIME SUSS.MERCI,,E,N,,Y,,EB-000-000-00000,,,,,,,,,,
EB-011-001-00000,VAR. RIM. MAT.PRIME SUSS.MERCI,,E,N,,Y,,EB-011-000-00000,,,,,,,,,,
EB-011-001-00001,VARIAZIONI DI MAGAZZINO,,E,N,,,W_INVACTUALADJUST_ACCT,EB-011-001-00000,,,,,,,,,,
EB-011-001-00002,VARIAZIONI MERCI,,E,N,,,W_DIFFERENCES_ACCT,EB-011-001-00000,,,,,,,,,,
EB-011-001-00003,VARIAZIONI DI INVENTARIO SU MERCI C/TERZI,,E,N,,,P_MIXVARIANCE_ACCT,EB-011-001-00000,,,,,,,,,,
EB-012-000-00000,ACCANTONAMENTI,,E,N,,Y,,EB-000-000-00000,,,,,,,,,,
EB-012-001-00000,ACCANTONAMENTI PER RISCHI,,E,N,,Y,,EB-012-000-00000,,,,,,,,,,
EB-013-002-00000,ALTRI ACCANTONAMENTI,,E,N,,Y,,EB-012-000-00000,,,,,,,,,,
EB-014-000-00000,ONERI DIVERSI DI GESTIONE,,E,N,,Y,,EB-000-000-00000,,,,,,,,,,
EB-014-001-00000,IMPOSTE E TASSE,,E,N,,Y,,EB-014-000-00000,,,,,,,,,,
EB-014-001-00001,IMPOSTE DI BOLLO,,E,N,,,,EB-014-001-00000,,,,,,,,,,
EB-014-001-00002,ICI,,E,N,,,,EB-014-001-00000,,,,,,,,,,
EB-014-001-00003,IRAP,,E,N,,,,EB-014-001-00000,,,,,,,,,,
EB-014-001-00004,IMPOSTA DI REGISTRO,,E,N,,,,EB-014-001-00000,,,,,,,,,,
EB-014-001-00005,TASSA SUI RIFIUTI,,E,N,,,,EB-014-001-00000,,,,,,,,,,
EB-014-001-00006,CONCESSIONI GOVERNATIVE,,E,N,,,,EB-014-001-00000,,,,,,,,,,
EB-014-001-00007,IMPOSTE ANTICIPATE AI FORNITOR,,E,N,,,T_EXPENSE_ACCT,EB-014-001-00000,,,,,,,,,,
EB-014-002-00000,ALTRI ONERI DI GESTIONE,,E,N,,Y,,EB-014-000-00000,,,,,,,,,,
EB-014-002-00001,CONTRIBUTI ASS. SINDACALI,,E,N,,,,EB-014-002-00000,,,,,,,,,,
EB-014-002-00002,ABBONAMENTI GIORNALI E RIVISTE,,E,N,,,,EB-014-002-00000,,,,,,,,,,
EB-014-002-00003,MULTE E AMMENDE,,E,N,,,,EB-014-002-00000,,,,,,,,,,
EB-014-003-00000,SOPRAVVEN. INSUSSIST.PASSIVE,,E,N,,Y,,EB-014-000-00000,,,,,,,,,,
EB-014-003-00001,SOPRAVVEN. INSUSSIST.PASSIVE,,E,N,,,INCOMESUMMARY_ACCT,EB-014-003-00000,,,,,,,,,,
EB-014-030-00000,COSTI DIVERSI,,E,N,,Y,,EB-014-000-00000,,,,,,,,,,
EB-014-030-00001,ABBUONI ,,R,N,,,P_TRADEDISCOUNTREC_ACCT,EB-014-030-00000,,,,,,,,,,
EB-014-030-00002,SCONTI PER PAGAMENTI ANTICIP.,,E,N,,,PAYDISCOUNT_EXP_ACCT,EB-014-030-00000,,,,,,,,,,
EB-014-030-00003,DIFFERENZE DI CASSA,,E,N,,,CB_DIFFERENCES_ACCT,EB-014-030-00000,,,,,,,,,,
EB-014-030-00004,DIFF.NEG.SU CAMBIO(STESSA DIV),,E,N,,,UNREALIZEDLOSS_ACCT,EB-014-030-00000,,,,,,,,,,
EB-014-030-00005,PERDITE SU INCASSI,,E,N,,,B_SETTLEMENTLOSS_ACCT,EB-014-030-00000,,,,,,,,,,
EB-014-030-00010,ARROTONDAMENTI NEGATIVI,,E,N,,,CURRENCYBALANCING_ACCT,EB-014-030-00000,,,,,,,,,,
EB-014-030-00011,ABBUONI SU ACQUISTI,,E,N,,,WRITEOFF_ACCT,EB-014-030-00000,,,,,,,,,,
EB-014-030-00012,PERDITE SU PRODOTTI FATTURATI,,E,N,,,P_INVOICEPRICEVARIANCE_ACCT,EB-014-030-00000,,,,,,,,,,
EB-014-030-00013,VARIANZA DEL PREZZO DI ACQUIST,,E,N,,,P_PURCHASEPRICEVARIANCE_ACCT,EB-014-030-00000,,,,,,,,,,
EC-000-000-00000,PROVENTI E ONERI FINANZIARI,,E,N,,Y,,E0-000-000-00000,,,,,,,,,,
EC-015-000-00000,PROVENTI DA PARTECIPAZIONI,,E,N,,Y,,EC-000-000-00000,,,,,,,,,,
EC-015-001-00000,PROV. DA PART. DA IMPRESE CONTROLLATE,,E,N,,Y,,EC-015-000-00000,,,,,,,,,,
EC-015-002-00000,PROV. DA PART. DA IMPRESE COLLEGATE,,E,N,,Y,,EC-015-000-00000,,,,,,,,,,
EC-015-003-00000,ALTRI PROVENTI DA PARTECIPAZIONI,,E,N,,Y,,EC-015-000-00000,,,,,,,,,,
EC-016-000-00000,ALTRI PROVENTI FINANZIARI,,E,N,,Y,,EC-000-000-00000,,,,,,,,,,
EC-016-001-00000,PROVENTI DA CREDITI IMM.TI,,E,N,,Y,,EC-016-000-00000,,,,,,,,,,
EC-016-002-00000,PROVENTI DA TITOLI IMM.TI,,E,N,,Y,,EC-016-000-00000,,,,,,,,,,
EC-016-003-00000,PROVENTI DA TITOLI ATT.CIRC.,,E,N,,Y,,EC-016-000-00000,,,,,,,,,,
EC-016-004-00000,PROVENTI DIVERSI,,E,N,,Y,,EC-016-000-00000,,,,,,,,,,
EC-017-000-00000,INTERESSI ONERI FINANZ. E UTILI E PERDITE CAMBI,,E,N,,Y,,EC-000-000-00000,,,,,,,,,,
EC-017-001-00000,INTERESSI E ON.FINANZ. DA IMPRESE CONTROLLATE,,E,N,,Y,,EC-017-000-00000,,,,,,,,,,
EC-017-002-00000,INTERESSI E ON.FINANZ. DA IMPRESE COLLEGATE,,E,N,,Y,,EC-017-000-00000,,,,,,,,,,
EC-017-003-00000,INTERESSI E ON.FINANZ. DA CONTROLLANTI,,E,N,,Y,,EC-017-000-00000,,,,,,,,,,
EC-017-004-00000,INTERESSI E ALTRI ONERI FINANZIARI DA ALTRI,,E,N,,Y,,EC-017-000-00000,,,,,,,,,,
EC-017-004-00001,INTERESSI SU DEPOSITI BANCARI,,E,N,,,B_INTERESTREV_ACCT,EC-017-004-00000,,,,,,,,,,
EC-017-004-00002,INTERESSI PASSIVI SU FINANZIAMENTI,,E,N,,,B_INTERESTEXP_ACCT,EC-017-004-00000,,,,,,,,,,
EC-017-004-00003,SPESE E COMMISSIONI BANCARIE,,E,N,,,B_EXPENSE_ACCT,EC-017-004-00000,,,,,,,,,,
EC-017-004-00004,INTERESSI DI MORA,,E,N,,,,EC-017-004-00000,,,,,,,,,,
EC-017-004-00005,ONERI FINANZIARI,,E,N,,,,EC-017-004-00000,,,,,,,,,,
EC-017-200-00000,UTILI E PERDITE SU CAMBI,,E,N,,Y,,EC-017-000-00000,,,,,,,,,,
EC-017-200-00001,UTILI SU CAMBI,,E,N,,,REALIZEDLOSS_ACCT,EC-017-200-00000,,,,,,,,,,
EC-017-200-00010,PERDITE SU CAMBI,,E,N,,,B_REVALUATIONLOSS_ACCT,EC-017-200-00000,,,,,,,,,,
ED-000-000-00000,RETTIFICHE VALORE ATT.FINANZ.,,E,N,,Y,,E0-000-000-00000,,,,,,,,,,
ED-018-000-00000,RIVALUTAZIONI,,E,N,,Y,,ED-000-000-00000,,,,,,,,,,
ED-018-001-00000,RIVALUTAZIONI DI PARTECIPAZIONI,,E,N,,Y,,ED-018-000-00000,,,,,,,,,,
ED-018-002-00000,RIVALUTAZIONI DI PARTECIPAZIONI FINANZIARIE,,E,N,,Y,,ED-018-000-00000,,,,,,,,,,
ED-018-003-00000,RIV.NI DI TITOLI DELL'ATTIVO CIRC.NTE,,E,N,,Y,,ED-018-000-00000,,,,,,,,,,
ED-019-000-00000,SVALUTAZIONI,,E,N,,Y,,ED-000-000-00000,,,,,,,,,,
ED-019-001-00000,SVALUTAZIONE DI PARTECIPAZIONI,,E,N,,Y,,ED-019-000-00000,,,,,,,,,,
ED-019-002-00000,SVALUTAZIONI DI IMM.FINANZIARIE,,E,N,,Y,,ED-019-000-00000,,,,,,,,,,
ED-019-003-00000,SVAL. DI TIT. DELL'ATTIVO CIRC.NTE,,E,N,,Y,,ED-019-000-00000,,,,,,,,,,
EE-000-000-00000,PROVENTI E ONERI STRAORDINARI,,E,N,,Y,,E0-000-000-00000,,,,,,,,,,
EE-020-000-00000,PROVENTI STRAORDINARI,,R,N,,Y,,EE-000-000-00000,,,,,,,,,,
EE-020-001-00000,PLUSVALENZE DA ALIENAZIONI,,R,N,,Y,,EE-020-000-00000,,,,,,,,,,
EE-020-002-00000,PROVENTI STRAORDINARI VARI,,R,N,,Y,,EE-020-000-00000,,,,,,,,,,
EE-020-002-00001,PROVENTI PER RINUNCIA CREDITI,,R,N,,,,EE-020-002-00000,,,,,,,,,,
EE-021-000-00000,ONERI STRAORDINARI,,E,N,,Y,,EE-000-000-00000,,,,,,,,,,
EE-021-001-00000,MINUSVALENZE DA ALIENAZIONI,,E,N,,Y,,EE-021-000-00000,,,,,,,,,,
EE-021-002-00000,IMPOSTE ESERCIZI PRECEDENTI,,E,N,,Y,,,,,,,,,,,,
EE-021-003-00000,ONERI STRAORDINARI VARI,,E,N,,Y,,EE-021-000-00000,,,,,,,,,,
EG-000-000-00000,IMPOSTE REDDITO DELL'ESERCIZIO,,E,N,,Y,,E0-000-000-00000,,,,,,,,,,
EG-022-000-00000,IMPOSTE SUL REDDITO,,E,N,,Y,,EG-000-000-00000,,,,,,,,,,
EG-022-001-00000,IMPOSTE SUL REDDITO CORRENTI,,E,N,,Y,,EG-022-000-00000,,,,,,,,,,
EG-022-001-00001,IRPEG DELL'ESERCIZIO,,E,N,,,,EG-022-001-00000,,,,,,,,,,
EG-022-002-00000,IMPOSTE DIFFERITE (ANTICIPATE),,E,N,,Y,,,,,,,,,,,,
XX-000-000-00000,VARIE,,L,N,,Y,,,,,,,,,,,,
XX-030-000-00000,UTILE PERDITA DELL'ESERCIZIO,,L,N,,Y,,XX-000-000-00000,,,,,,,,,,
XX-030-010-00000,UTILE PERDITA DELL'ESERCIZIO,,L,N,,Y,,XX-030-000-00000,,,,,,,,,,
XX-030-010-00001,UTILE DELL'ESERCIZIO,,L,N,,,RETAINEDEARNING_ACCT,XX-030-010-00000,,,,,,,,,,
XX-030-010-00002,PERDITA DELL'ESERCIZIO,,L,N,,,,XX-030-010-00000,,,,,,,,,,
XX-090-000-00000,CONTI DI CHIUSURA E APERTURA,,L,N,,Y,,XX-000-000-00000,,,,,,,,,,
XX-090-001-00000,CONTI DI CHIUSURA E APERTURA,,L,N,,Y,,XX-090-000-00000,,,,,,,,,,
XX-090-001-00001,STATO PATRIMONIALE C/APERTURA,,L,N,,,,XX-090-001-00000,,,,,,,,,,
XX-090-001-00002,STATO PATRIMONIALE C/CHIUSURA,,L,N,,,,XX-090-001-00000,,,,,,,,,,
XX-090-001-00003,CONTO ECONOMICO C/CHIUSURA,,E,N,,,,XX-090-001-00000,,,,,,,,,,
XX-090-001-00004,CONTO TRANSITORIO DI BILANCIO,,L,N,,,SUSPENSEBALANCING_ACCT,XX-090-001-00000,,,,,,,,,,
XX-090-001-00005,ERRORE IN BILANCIO,,L,N,,,SUSPENSEERROR_ACCT,XX-090-001-00000,,,,,,,,,,
XX-090-001-00006,PERDITE E GUADAGNI,,L,N,,,DEFAULT_ACCT,XX-090-001-00000,,,,,,,,,,
